{
  "best_learning_rate": 0.1,
  "best_experiment_name": "high",
  "best_accuracy": 0.14939453125,
  "best_loss": 6.60636411190033,
  "best_perplexity": 739.788335296924,
  "correlations": {
    "lr_loss_corr": 0.5833836548120519,
    "lr_acc_corr": -0.25676289496641497,
    "lr_ppl_corr": 0.8880160758650982,
    "time_acc_corr": -0.013889171203166129
  },
  "recommendations": [
    "Learning rate has moderate impact on accuracy",
    "Optimal learning rate is in the higher range (>0.05)"
  ]
}